Feature,Importance
sensor_11,0.9819557821096581
sensor_12,0.8138811442448836
sensor_13,0.7709752945464764
sensor_7,0.6998918123972544
sensor_8,0.6464547506577025
sensor_9,0.6098528158048478
sensor_4,0.5686707572763164
sensor_2,0.5383079730241734
sensor_20,0.5094067225592444
sensor_15,0.4730012887089203
sensor_14,0.41854927569944145
sensor_17,0.31749312814560593
sensor_21,0.30412964592488423
sensor_3,0.2372750406936975
sensor_6,0.017770835314701913
